{
  "model_info": {
    "type": "MultinomialNB",
    "balanced": true,
    "alpha": 1.0,
    "created_date": "2025-07-28T13:31:20.735483"
  },
  "performance_metrics": {
    "accuracy": 0.6833333333333333,
    "macro_f1": 0.6828221923568987,
    "class_wise_f1": {
      "negative": 0.7142857142857143,
      "neutral": 0.6705653021442495,
      "positive": 0.6636155606407322
    }
  },
  "dataset_info": {
    "total_samples": 3600,
    "training_samples": 2880,
    "features": 8289,
    "classes": [
      "negative",
      "neutral",
      "positive"
    ]
  }
}